,Accuracy,Precision,Recall,F1 Score,ROC AUC
Logistic Regression,0.7,0.8448275862068966,0.7,0.765625,0.7536904761904762
Decision Tree,0.66,0.7903225806451613,0.7,0.7424242424242424,0.6333333333333333
Random Forest,0.74,0.7933333333333333,0.85,0.8206896551724138,0.7714880952380953
